Project,Latitude_Project,Longitude_Project
AYKON CITY 3,25.11072,55.38869
Fern,24.99426,55.16346
SEVEN CITY JLT,25.07052,55.14381
Binghatti Corner,25.11,55.20418
CREEK EDGE,25.20809,55.31542
Seascape,25.10757,55.24194
DAMAC CITY,25.11072,55.38869
Ciel,25.10757,55.24194
Peninsula Four,25.25642,55.30115
CHIC TOWER,25.07223,55.14243
Empire Residence,25.0595,55.21613
LIVA,25.04076,55.21323
The Valley - Talia,25.0157,55.20042
One Za'abeel,25.22379,55.29586
Sobha Hartland - The Crest,25.17642,55.31049
Ahad Residences,25.11512,55.13978
Azizi Riviera 43,25.17271,55.30949
DAMAC HILLS - GOLF GATE,25.21464,55.4294
The Community,25.22399,55.38663
ELEGANCE TOWER,25.07223,55.14243
CLOUD Tower ,25.07223,55.14243
AG SQUARE,25.10757,55.24194
LEVANTO BY ORO24,25.217533,55.276428
Arabian Ranches lll - Anya,25.04994,55.26902
The Cove ll,25.20174,55.34559
MBL Royal,25.08723,55.38321
Elitz By Danube ,25.00129,55.0957
OAKLEY SQUARE RESIDENCES,25.11512,55.13978
Seslia Tower,25.07223,55.14243
The Valley - Elora,25.0157,55.20042
Azizi Riviera 5,25.17135,55.30308
Marwa Heights,25.04724,55.20786
CHORISIA 2 VILLAS,25.0377,55.12943
THE FIELDS AT D11 - MBRMC,24.97999,55.04577
Jouri Hills,25.07684,55.1587
Nad Al Sheba Gardens Phase 3 ,25.1629,55.38192
Palm Beach Towers -3,25.12901,55.13413
LIV LUX,25.10757,55.24194
Park Horizon,25.20688,55.34422
TRIA BY DEYAAR,25.11726,55.19662
Maimoon Gardens,25.02418,55.16053
Asayel at Madinat Jumeirah Living,25.1904,55.23159
Creek Beach - Lotus,25.20809,55.31542
CAVALLI CASA TOWER,25.07223,55.14243
THE RESIDENCE | Burj Khalifa,25.18656,55.27617
ROYAL PARK SOUTH 1,24.95896,55.09458
ASCOT RESIDENCES,25.11512,55.13978
MARINA SHORES,25.08531,55.14502
URBAN OASIS,24.86169,55.14626
Sobha Creek vistas Reserve,25.20809,55.31542
Peninsula Two,25.10757,55.24194
Alexis Tower,25.07223,55.14243
Palace Residences - Dubai Creek Harbour,25.11512,55.13978
Lamaa,25.10757,55.24194
PEARLZ by Danube,25.00129,55.0957
KENSINGTON WATERS,25.07784,55.12315
FIVE LUXE,25.05329,55.20595
The Community Motor City ,25.04492,55.23872
Sensoria at Five Luxe,25.05329,55.20595
La Violeta 2,25.22372,55.259804
Azizi Riviera 1,25.17135,55.30308
Luxury Family Residence,25.0595,55.21613
Creek Beach - Sunset,25.20809,55.31542
JOYA DORADO RESIDENCE,25.0595,55.21613
Il PRIMO,25.224637,55.255158
Creek Beach - Bayshore,25.30536,55.35598
Aura,25.13285,55.24093
The Pulse Villas,24.95269,55.22548
Burj Royale,25.18656,55.27617
Binghatti Crest,25.10757,55.24194
DAMAC HILLS (2) - NAVITAS (A & B) ,25.26905,55.44547
ACT ONE | ACT TWO,25.10757,55.24194
Grand Bleu Tower interiors by Elie Saab,25.14936,55.2351
Petalz By Danube,25.00129,55.0957
GEMZ by Danube ,25.00129,55.0957
Bulgari Lighthouse Dubai ,25.27966,55.33478
Celadon ,25.229831,55.270849
MAHA TOWNHOUSES ,25.00354,55.29744
BURJ PACIFIC,25.18656,55.27617
Azizi Riviera 17,25.17135,55.30308
Luma22,25.10757,55.24194
AYKON CITY 2,25.10439,55.39386
Azizi Riviera 35,25.17165,55.30631
Seven Hotel and Apartments The Palm,25.12901,55.13413
Azizi Riviera 13,25.17135,55.30308
Sobha Hartland Waves,25.17642,55.31049
REEM TOWNHOUSES,25.00354,55.29744
Cherrywoods,25.01608,55.294
Elan,25.10757,55.24194
Binghatti Nova,25.0509,55.28199
Creek Beach - VIDA Residences,25.20809,55.31542
Viridian,25.10757,55.24194
Creek Beach - Summer,25.05953,55.2022
Grande,25.19308,55.41168
Central Park at City Walk -Building 1,25.21119,55.25788
THE ADDRESS DUBAI OPERA,25.2017,55.27129
Laurel,24.99197,55.16366
"Six Senses Residences The Palm, Dubai",25.12901,55.13413
Samana Santorini,25.10757,55.24194
MIDTOWN - NOOR,25.20301,55.26073
WILTON PARK RESIDENCES ,25.11512,55.13978
Jewelz Residence,25.0595,55.21613
Sobha Creek Vistas Grande,25.20809,55.31542
BEACH ISLE,25.30536,55.35598
Bluewaters Bay ,25.07784,55.12315
Beach Mansion,25.05137,55.16144
AYKON CITY ,25.11072,55.38869
Azizi Riviera 4,25.17135,55.30308
La Rosa 4,25.0419,55.12161
MARINA STAR,25.08531,55.14502
Golf Heights,25.03538,55.2153
Luxury Family Residence II,25.0595,55.21613
Binghatti Luna,25.10757,55.24194
Sobha Hartland Waves Grande,25.17642,55.31049
Palace Beach Residence,25.0595,55.21613
Gardenia Livings,25.05436,55.21233
Peninsula Five,25.05329,55.20595
MAG EYE Phase 1,24.83453,55.07017
City Center Residences,25.11512,55.13978
Azizi Riviera 32,25.17363,55.30852
Q Gardens Lofts,25.02418,55.16053
Seagate,25.10757,55.24194
Elvira,25.10757,55.24194
Orra The Embankment,25.220511,55.258977
Time 1,25.13938,55.2168
THE IVY,25.10757,55.24194
Arabian Ranches lll - Raya,25.04994,55.26902
TORINO BY ORO24,25.218099,55.255546
The Valley-Nara,25.0157,55.20042
Arabain Ranches lll - Bliss,25.03257,55.2688
PG UPPERHOUSE,25.10757,55.24194
Azizi Riviera 12,25.17135,55.30308
ARYENE GREENS,25.09155,55.17096
Lime Gardens ,25.0157,55.20042
Marquis Signature,25.18435,55.26755
Opalz By Danube,25.00129,55.0957
Regalia,25.10757,55.24194
Peninsula One,25.10757,55.24194
Port De La Mer - Le Ciel,25.24846,55.3531
THE STERLING WEST HOUSE,25.10992,55.1093
THE STERLING EAST HOUSE,24.30919,54.60719
Canal Front Residences-CF7 & CF8 & CF9,25.11729,55.13363
Port De La Mer - La Sirene,25.24846,55.3531
ELLINGTON HOUSE ,25.04535,55.24504
Chaimaa Avenue 2,25.04692,55.2637
BELGRAVIA HEIGHTS II,25.0361,55.20988
Bali Residences,25.11512,55.13978
BERKELEY PLACE ,25.24904,55.33767
La Rosa Phase 2,24.83453,55.07017
Arabian Ranches lll - June,25.04994,55.26902
Vida Dubai Mall,25.20138,55.26923
"Mohammed Bin Rashid Al Maktoum City , District One Phase III  , Residences12",25.03745,55.17796
The Valley - Orania,25.0157,55.20042
Azizi  Riviera 34  ,25.17363,55.30852
THE PORTMAN ,25.10757,55.24194
LIV MARINA,25.08531,55.14502
Arabian Ranches lll - Ruba,25.04994,55.26902
Oxford 212,25.06622,55.20791
Greenview 3,25.09636,55.17903
Wavez Residence,25.0595,55.21613
Address The Bay,25.2017,55.27129
Beachgate by Address,25.1946,55.28259
Mudon Al Ranim 3,25.10757,55.24194
NOBLES,25.10757,55.24194
BELGRAVIA SQUARE,25.10757,55.24194
AVANOS,25.10757,55.24194
THE V TOWER,25.07223,55.14243
SHERENA RESIDENCE 2,25.0595,55.21613
Parkside 2,24.85299,55.16143
Arabian Ranches lll - Bliss 2,25.03297,55.27236
"Mohammed Bin Rashid Al Maktoum City , District One Phase III  , Residences 11",25.05136,55.21728
"Mohammed Bin Rashid Al Maktoum City , District One Phase III  , Residences 13",25.04785,55.21242
Golf ville,25.04926,55.2141
The Valley - Eden,25.0157,55.20042
EDEN GARDEN,25.03805,55.23684
Oxford Terraces,25.06622,55.20791
Creek Beach - Rosewater,25.30536,55.35598
Mayas Geneva,25.05387,55.20082
Palm Beach Towers - 2 ,25.12901,55.13413
SKYZ By Danube,25.00129,55.0957
ORLA BY OMNIYAT,25.21839,55.255158
The Paragon By IGO ,25.226651,55.276428
Welcome Residency,25.16577,55.39775
THE S TOWER,25.07223,55.14243
THE DIPLOMAT RESIDENCES,25.25543,55.30638
La Vie ,25.10757,55.24194
SAMANA PARK VIEWS,25.20809,55.31542
Greenview,25.09636,55.17903
Azizi Riviera 22,25.17135,55.30308
HAMILTON HOUSE,25.04535,55.24504
ORION BUILDING,25.02733,55.28231
FORTE,25.10757,55.24194
Tranquil Wellness Tower,25.07223,55.14243
"THE ROYAL ATLANTIS,RESORT AND RESIDENCES",25.13041,55.1171
Castleton ,25.10757,55.24194
Azizi Riviera 19,25.17135,55.30308
SAMANA MIAMI,25.10757,55.24194
Peninsula Three,25.10757,55.24194
Azizi Riviera 3,25.17135,55.30308
LAYA HEIGHTS,25.14207,55.31586
Olivz Residence,25.0595,55.21613
Dusit Princess Rijas,25.08885,55.14671
Prime Residency 3,25.01915,55.14552
Azizi Riviera 28,25.17363,55.30852
Rukan 3,25.10757,55.24194
Burj Crown,25.18656,55.27617
BV RESIDENCES,25.11512,55.13978
CELIA RESIDENCE,25.0595,55.21613
Binghatti Heights,25.14207,55.31586
Prime Gardens,25.16577,55.39775
Samana Waves,25.05086,55.19855
Catch Residences By IGO ,25.11512,55.13978
Azizi Riviera 25,25.17363,55.30852
Marina Living,25.08531,55.14502
Hills Park,25.07684,55.1587
Al Jazi - Madinat Jumeriah Living ,25.26401,55.31842
SERENIA LIVING,25.03803,55.13216
Creek Beach - Grove,25.20809,55.31542
Port De La Mer - La Voile,25.23876,55.25557
Creek Beach - Breeze,25.20809,55.31542
La Rosa 5,25.0419,55.12161
Downtown Views II,25.20809,55.31542
Azizi Riviera 44,25.17271,55.30949
15 Northside,25.10757,55.24194
Azizi Berton,25.17141,55.30695
BLUE WAVE,25.03941,55.23579
La Rosa,25.0419,55.12161
Azizi Mirage 1,25.17141,55.30695
Samana Mykonos,25.10757,55.24194
EQUITI RESIDENCE ,25.0595,55.21613
Azizi Riviera 47,25.17231,55.31269
Binghatti Crescent ,25.14047,55.13105
SHAMS TOWNHOUSES,25.07249,55.13081
Binghatti Creek,25.20809,55.31542
The One at Jumeirah Village Triangle ,25.1904,55.23159
THE HEART OF EUROPE 2,25.22526,55.276428
Erin,25.25824,55.37988
Azizi Riviera 18,25.17135,55.30308
Binghatti Canal,25.11729,55.13363
South Bay 1,24.95896,55.09458
Azizi Riviera 46,25.17199,55.31022
Azizi Riviera 15,25.17135,55.30308
ONE CANAL,25.11729,55.13363
AL HELAL AL ZAHABY 3,25.248734,55.278076
Azizi Riviera 26,25.17363,55.30852
FORUM RESIDENCES,25.11512,55.13978
LOCI Residences,25.11512,55.13978
POLARIS,25.10757,55.24194
Vincitore Benessere,25.0886,55.31423
EDMONTON ELM,25.10757,55.24194
Azizi Riviera 48,25.17231,55.31269
GARDENIA1 & 2,25.03805,55.23684
THE WIND TOWER I,25.2926,55.37856
THE GROVE BY IMAN,25.00076,55.16385
Port De La Mer - La Sirene 2,25.24846,55.3531
Azizi Riviera 8,25.17135,55.30308
AVENUE RESIDENCE 4,25.02888,55.15278
Luma21,25.10757,55.24194
Azizi Riviera 42,25.17331,55.31044
Dorchester Collection Dubai,25.27966,55.33478
"The St. Regis Residences, Downtown Dubai",25.18393,55.28162
ADDRESS HARBOUR POINT,25.1946,55.28259
O10,25.10757,55.24194
Azizi Riviera 23,25.17351,55.3069
Azizi Riviera 36,25.17363,55.30852
Palace Residences - North,25.11512,55.13978
ELLINGTON HOUSE II,25.04535,55.24504
AMAL TOWER,25.07223,55.14243
Azizi Riviera 20,25.17135,55.30308
Azizi Riviera 16,25.17135,55.30308
La Rosa 3,25.0419,55.12161
Boutique Xll,25.04035,55.2523
RUKAN,25.10757,55.24194
Jadeel -Madinat Jumeirah Living ,25.1904,55.23159
Arabian Ranches lll - June 2,25.03297,55.27236
EQUITI APARTMENTS,25.12643,55.20743
WEST BAY TOWER,25.10992,55.1093
Azizi Riviera 40,25.17384,55.31008
Azizi Riviera 21,25.17341,55.30522
Myrtle,25.10757,55.24194
Creek Palace,25.20809,55.31542
The Pulse Beachfront 2,24.95184,55.22536
ELLINGTON BEACH HOUSE,25.04535,55.24504
Mudon Al Ranim 4,25.10757,55.24194
Elysee III by Pantheon,25.225403,55.276428
Imperial  Avenue,25.04721,55.26712
"Mohammed Bin Rashid Al Maktoum City , District One Phase III  , Residences 16",25.05231,55.20598
THE ONE JBR,25.07495,55.13129
Azizi Riviera 39,25.17384,55.31008
TERHAB HOTEL & TOWERS AT JUMEIRAH VILLAGE TRIANGLE ,25.1904,55.23159
Azizi Riviera Beachfront,25.17135,55.30308
The Pulse Beachfront 3 ,24.95269,55.22548
Canal Front Residences CF1 & CF2,25.11729,55.13363
Azizi Riviera 38,25.17363,55.30852
Azizi Riviera 29,25.17363,55.30852
Creek Beach - Surf,25.20809,55.31542
Taraf 2 Residence,25.0595,55.21613
CREEK CRESCENT,25.20809,55.31542
Azizi Riviera 2,25.17135,55.30308
Lagoon Views at District One,25.05583,55.14247
Dolphin Tower,25.07223,55.14243
Westwood By Imtiaz,25.228808,55.271545
Azizi Riviera 14,25.17135,55.30308
The Pulse- Beachfront,24.95269,55.22548
MARINA VISTA,25.08531,55.14502
Azizi Riviera 24,25.17363,55.30852
Zazen Gardens,25.02418,55.16053
Azizi Riviera 31,25.17363,55.30852
Azizi Park Avenue ,25.16621,55.30788
Azizi Riviera Reve,25.17135,55.30308
Greenview 2,25.09636,55.17903
Azizi Riviera 6,25.17135,55.30308
Fawad Azizi Residence,25.0595,55.21613
Azizi Greenfield,25.17141,55.30695
"Mohammed Bin Rashid Al Maktoum City , District One Phase III  , Residences 29",25.05329,55.20749
EXQUISITE LIVING RESIDENCES,25.11512,55.13978
THE REGENT ,25.04573,55.24844
Creek Beach - Savanna-Cedar-Mangrove,25.30536,55.35598
Vincitore Volare,25.0886,55.31423
Azizi Riviera 41,25.1734,55.31123
Azizi Riviera 37,25.17363,55.30852
THE WIND TOWER II,25.07223,55.14243
Palm Beach Towers -1,25.12901,55.13413
"Mohammed Bin Rashid Al Maktoum City , District One Phase III  , Residences 28",25.05329,55.20749
Paradise Hills,25.07684,55.1587
"Mohammed Bin Rashid Al Maktoum City , District One Phase III  , Residences 15",25.05231,55.20598
"Mohammed Bin Rashid Al Maktoum City , District One Phase III  , Residences 19",25.05329,55.20749
"Mohammed Bin Rashid Al Maktoum City , District One Phase III  , Residences 14",25.05231,55.20598
SAMANA GOLF AVENUE,25.04721,55.26712
La Rosa 6 ,25.0419,55.12161
Sur La Mer,25.10757,55.24194
SERENITY LAKES 5,25.07017,55.1421
"Mohammed Bin Rashid Al Maktoum City , District One Phase III  , Residences 25",25.05329,55.20749
AURA by Grovy,25.13285,55.24093
Azizi Riviera 30,25.17363,55.30852
Azizi Riviera 9,25.17135,55.30308
"Mohammed Bin Rashid Al Maktoum City , District One Phase III  , Residences 7",25.04417,55.16524
Arabian Ranches lll - Anya 2,25.03297,55.27236
Prive Residence,25.0595,55.21613
AL WALEED GARDEN 2,25.25958,55.29514
Canal Front Residences-CF5&CF6,25.11729,55.13363
MR. C RESIDENCES JUMEIRAH,25.1904,55.23159
"Mohammed Bin Rashid Al Maktoum City , District One Phase III  , Residences 6",25.04417,55.16524
The Pulse Villas 2,24.95184,55.22536
LUCE,25.10757,55.24194
"Mohammed Bin Rashid Al Maktoum City , District One Phase III  , Residences 18",25.05329,55.20749
Sobha Creek Vistas,25.20809,55.31542
Golf Grand,25.03538,55.2153
ELEVATE by Prescott,25.225076,55.276428
Azizi Riviera 33,25.17363,55.30852
Arabian Ranches III - JOY,25.04994,55.26902
The Eugene Townhouses,25.00354,55.29744
Azizi Riviera 27,25.17363,55.30852
Kempinski Residences The Creek,25.19134,55.27433
Samana Waves 2,25.05086,55.19855
Westwood Grande by Imtiaz,25.19308,55.41168
Time 2,25.13938,55.2168
HARBOUR LIGHTS,25.2071,55.34736
Viewz 1 By Danube ,25.00129,55.0957
Viewz 2 By Danube,25.00129,55.0957
Jumeirah Living Business Bay ,25.18475,55.26704
MIAMI BY SD,25.230842,55.272053
NEVA RESIDENCES,25.11512,55.13978
Creek Beach - Orchid,25.00853,55.16131
Azizi Riviera 45,25.17272,55.31034
OXFORD TERRACES 2,25.06622,55.20791
NORTH FORTY THREE SERVICED RESIDENCES,25.11512,55.13978
SEAPOINT,25.10757,55.24194
B2B TOWER,25.07223,55.14243
Binghatti Emerald,25.10757,55.24194
Mudon Al Ranim 1,25.01644,55.26796
ELANO BY ORO24,25.217773,55.253784
AG TOWER,25.07223,55.14243
Rukan Residence,25.0595,55.21613
Marquis Galleria,25.10659,55.14772
CREEK RISE ,25.20809,55.31542
THE COURT,25.04378,55.18185
CAVALLI COUTURE,25.10757,55.24194
Signature Mansions ,25.18435,55.26755
Luxury Family Residence III,25.0595,55.21613
Creek Waters,25.20809,55.31542
Rukan2,25.10757,55.24194
ELLINGTON HOUSE III,25.04535,55.24504
ZAYA ZUHA ISLAND,25.05753,55.15411
DAMAC BAY,25.07996,55.14759
Jomana,25.10757,55.24194
AVA AT PALM JUMEIRAH BY OMNIYAT,25.09835,55.15596
Bianca ,25.224637,55.255158
AG 7EVEN,25.228808,55.271545
399 Hills Park B,25.07684,55.1587
SERENITY LAKES 2,25.07017,55.1421
PROFILE RESIDENCE,25.0595,55.21613
Park Field,25.03591,55.251
RUFI TWIN TOWERS,25.18172,55.33136
DESIGN QUARTER,25.18813,55.29747
La Violeta 1,25.223892,55.258977
ZADA TOWER,25.07223,55.14243
HOLLAND GARDENS ,25.02418,55.16053
"Mohammed Bin Rashid Al Maktoum City , District One Phase III  , Residences 23",25.05329,55.20749
barari views,25.09866,55.30717
ME DO RE,25.10757,55.24194
THE EAST CREST BY METEORA,24.30919,54.60719
Sobha Hartland - Crest Grande,25.17642,55.31049
CHORISIA 1 VILLAS,25.0377,55.12943
Sobha Seahaven Tower A,25.21676,55.27537
Sobha Hartland Waves Opulence,25.17642,55.31049
"Mohammed Bin Rashid Al Maktoum City , District One Phase III  , Residences 26",25.05329,55.20749
BEVERLY BOULEVARD,25.19219,55.27113
The EDGE,25.10246,55.16289
SAMANA MYKONOS SIGNATURE,25.18435,55.26755
" Mohammed Bin Rashid Al Maktoum City , District One Phase III  , Residences 22",25.05329,55.20749
One Crescent,25.14047,55.13105
Como Residences,25.11512,55.13978
Sabah Dubai Skyline,25.0968,55.31713
LA PERLA HOMES 10,25.04724,55.20786
THE HIGHBURY,25.10757,55.24194
Arabian Ranches lll - May,25.04994,55.26902
Binghatti Onyx,25.09229,55.17119
Mudon Al Ranim 5,25.01644,55.26796
Elegance by Chaimaa Holding,25.218744,55.255158
Hadley Heights,25.14207,55.31586
THE VYBE,25.10757,55.24194
Creek Waters 2,25.20809,55.31542
Jumeirah Living Marsa Al Arab,25.1904,55.23159
"Mohammed Bin Rashid Al Maktoum City, District 11- Opal Gardens",25.06,55.21089
Westwood Grande II By Imtiaz,25.19308,55.41168
Mudon Al Ranim 2,25.01644,55.26796
Island Park II ,25.08208,55.14204
Vista by Prestige One ,25.04802,55.21168
ROYAL PARK SOUTH,24.95896,55.09458
Nicholas Residence,25.0595,55.21613
"Mohammed Bin Rashid Al Maktoum City , District One Phase III  , Residences 17",25.05329,55.20749
Edison House,25.04535,55.24504
AIRE DUBAI,25.22335,55.27473
V2,25.10757,55.24194
MARINA 101,25.08891,55.14857
AZIZI RIVIERA AZURE,25.17135,55.30308
CHAMPION TOWER 3,25.03863,55.20426
Prime Townhouses,25.00354,55.29744
Q Gardens Boutique Residences,25.02418,55.16053
BURJ KHALIFA TOWERS,25.18656,55.27617
23 MARINA,25.07951,55.14162
MADA RESIDENCES TOWER,25.2017,55.27129
CLAREN 1,25.19104,55.2716
TOWN SQUARE JENNA AND WARDA,25.00538,55.29681
,25.10757,55.24194
J5,25.10757,55.24194
SUBERBIA,25.10757,55.24194
LAGUNA TOWER,25.07223,55.14243
TAMANI ARTS OFFICES,25.22031,55.28484
Maple III,25.08948,55.25535
GOLD CREST EXECUTIVE,25.00076,55.16385
LINCOLN PARK ( NORTH SIDE),25.12065,55.39703
GENESIS,25.10757,55.24194
DAMAC HILLS (2) - CLARET,25.26905,55.44547
GREEN PARK,25.03608,55.21891
Continental Tower,25.07223,55.14243
DAMAC HILLS (2) - ASTER ,25.26905,55.44547
NO.9 & NO.10 CITYWALK RESIDENTIAL,25.20168,55.26185
Port de La Mer - Le Pont ,25.23988,55.25136
Creek Gate,25.21464,55.4294
LIVING LEGENDS PHASE 2,24.83453,55.07017
DIAMOND VIEWS 4,25.08156,55.14724
O 2,25.10757,55.24194
Boulevard Point,25.19219,55.27113
VINCITORE PALACIO,25.0886,55.31423
TIARA RESIDENCE,25.11512,55.13978
BLOOM HEIGHTS,25.14207,55.31586
SKY COURTS,25.10168,55.33714
DOWNTOWN VIEWS,25.20809,55.31542
TOWN SQUARE ZAHRA,25.00538,55.29681
MERANO TOWER,25.07223,55.14243
CITADEL TOWER,25.20485,55.2698
BADRA PHASE 1,24.83453,55.07017
INDIGO OPTIMA 1,25.17095,55.40893
HANOVER SQUARE,25.10757,55.24194
THE SIGNATURE,25.18435,55.26755
REEM-MIRA COMMUNITY PH 2,25.22399,55.38663
REMRAAM,25.00587,55.25323
BAYSWATER,25.10757,55.24194
ELITE BUSINESS BAY RESIDENCE,25.18475,55.26704
MONTROSE,25.10757,55.24194
SIGNATURE LIVINGS,25.18435,55.26755
BEACH VISTA,25.30536,55.35598
DAMAC HILLS- PELHAM ,25.26905,55.44547
SMART HEIGHTS,25.09625,55.17632
Living Garden II,25.03805,55.23684
Bluewaters Residences ,25.07784,55.12315
PALM VIEWS - EAST,24.30919,54.60719
Bayz Tower,25.07223,55.14243
PANTHEON ELYSEE,25.10757,55.24194
MADISON RESIDENCY,25.16577,55.39775
REVA RESIDENCES,25.11512,55.13978
Arabian Ranches III - SUN,25.04994,55.26902
FRANKFURT SPORTS TOWER I,25.2926,55.37856
AVANTI TOWER,25.07223,55.14243
DAMAC HILLS (2) - JANUSIA ,25.26905,55.44547
DAMAC HILLS (2) - PACIFICA ,25.26905,55.44547
THE POINT,25.07626,55.13676
DAMAC HILLS - THE FIELD,25.26905,55.44547
ZUMURUD DUBAI MARINA,25.224781,55.255158
SILVER TOWER,25.07223,55.14243
Villanova Amaranta ,25.07628,55.35415
BALQIS RESIDENCE,25.0595,55.21613
 Qline (Qpoint phase II) R010,24.83453,55.07017
"NO.1, NO.2A, NO.2B, NO.3A AND 3B CITYWALK RESIDENTIAL",25.00957,55.28927
Hyati Avenue,25.04721,55.26712
THE DUBAI MALL,25.20138,55.26923
SIDRA,25.0933,55.2455
THE CRESCENT,25.14047,55.13105
DRAGON VIEW,25.03711,55.13036
TOWN SQUARE HAYAT,25.00538,55.29681
HAMENI,25.10757,55.24194
MARINA QUAYS,25.08531,55.14502
29 BOULEVARD,25.19219,55.27113
Club Villas at Dubai Hills,25.11998,55.25913
BAY CENTRAL WEST & CENTRAL TOWERS,25.10992,55.1093
LAKESIDE,25.10757,55.24194
THE ADDRESS RESIDENCE - SKY VIEW,25.0595,55.21613
BUSINESS AVENUE BB2,25.0678,55.1447
VIDA RESIDENCE DOWNTOWN DUBAI,25.18393,55.28162
MIRDIF HILLS- NASAYEM AVENUE,25.22035,55.42324
The Nook,25.10757,55.24194
RIAH TOWERS,25.07017,55.1421
HARBOUR VIEWS,25.20419,55.34711
THE ADDRESS RESIDENCE FOUNTAIN VIEWS II,25.0595,55.21613
THE POLO RESIDENCE,25.0595,55.21613
PARAMOUNT TOWER HOTEL & RESIDENCES,25.03075,55.26304
SOBHA HARTLAND GREENS PHASE II,25.09155,55.17096
THE ADDRESS RESIDENCE FOUNTAIN VIEWS III,25.0595,55.21613
Jumeirah Gate,25.1904,55.23159
PARK VIEW TOWER,25.20071,55.27028
THE PRISM,25.18748,55.26111
TOWN SQUARE SAFI,25.00538,55.29681
CHURCHILL TOWER,25.07223,55.14243
Keturah Resort,25.10757,55.24194
NASEEM TOWNHOUSES,25.00354,55.29744
ELITE 4 SPORTS RESIDENCE,25.0595,55.21613
EMERALD PALACE KEMPINSKI,25.24904,55.33767
SANDOVAL GARDENS,25.02418,55.16053
GOLDEN MILE,25.10861,55.14528
ONTARIO TOWER,25.07223,55.14243
ESCAN MARINA TOWER,25.08531,55.14502
THE 8,25.10757,55.24194
ROYALE RESIDENCE1,25.11512,55.13978
Villanova Amaranta 3,25.07628,55.35415
The Terraces,25.19915,55.24511
TANARO,25.10757,55.24194
The Pulse Boulevard Apartments,25.19219,55.27113
WEST AVENUE,25.04721,55.26712
ARABIAN RANCHES - PALMA COMMUNITY,25.04994,55.26902
SERENA BELLA CASA,25.03722,55.28722
CANAL RESIDENCE WEST (PHASE 1),25.037,55.2224
DUBAI ARCH TOWER,25.07223,55.14243
The Hills,25.07684,55.1587
AL FURJAN,25.03329,55.13959
"THE ANWA BY OMNIYAT
",25.12207,55.12277
THE RESIDENCE AT BUSINESS CENTRAL,25.06074,55.21667
Binghatti Amber,25.26307,55.33839
QPOINT LIWAN-PLOT R099,24.9896,55.10449
Villanova Amaranta B,25.07628,55.35415
THE DUBAI CREEK RESIDENCES,25.24222,55.33139
Azizi Star Hotel Apartments,25.06855,55.13097
NO. 6A AND NO.6B CITYWALK RESIDENTIAL,25.00957,55.28927
Park Gate Residences,25.21464,55.4294
DD BOULEVARD CENTRAL,25.19148,55.27358
AL JAWHARA TOWER ,25.07223,55.14243
DAMAC HILLS (2) - ALBIZIA ,25.26905,55.44547
TENNIS TOWER,24.99937,55.1648
THE OPUS BY OMNIYAT,25.218296,55.255158
MIRACLZ TOWER,25.07223,55.14243
BURJ VISTA,25.19788,55.27067
CAPITAL BAY  A,25.24382,55.27673
MAG 5 BOULEVARD,25.19219,55.27113
THE PALM TOWER,25.12901,55.13413
GLOBAL LAKE VIEW,25.03991,55.2182
MAG218,25.10757,55.24194
SEASONS COMMUNITY- AUTUMN,25.22399,55.38663
MULBERRY at PARK HEIGHTS,24.99563,55.16934
JUMEIRAH HEIGHTS CLUSTERS,25.1904,55.23159
THE ADDRESS - THE BLVD,25.2017,55.27129
CREEKSIDE 18,25.10757,55.24194
KNIGHT BRIDGE COURT & KENSNGTON MANOR,25.04378,55.18185
ROXANA RESIDENCE ,25.0595,55.21613
DAMAC HILLS - CARSON ,25.26905,55.44547
Madinat Jumeirah Living ,25.1904,55.23159
BLVD CRESCENT ,25.14047,55.13105
Canal Residence West 2,25.0595,55.21613
DAMAC HILLS - PICCADILLY GREEN,25.03608,55.21891
DAMAC HILLS - ROCKWOOD ,25.26905,55.44547
THE SUNDIALS,25.01851,55.19112
GHALIA,25.05313,55.19925
BURJ VIEWS,25.20809,55.31542
NOOR TOWNHOUSES,25.00354,55.29744
BAY SQUARE,25.18553,55.28059
Resortz Residence,25.0595,55.21613
SULAFA TOWER,25.07223,55.14243
DAMAC HILLS - SILVER SPRINGS,25.03101,55.25626
Seventh Heaven - Ashjar,25.229831,55.270849
EAGLE HEIGHTS,24.99899,55.15294
PRIVE BY DAMAC,25.07996,55.14759
GRAND VIEWS,25.20809,55.31542
DAMAC HILLS (2) - AMARGO ,25.26905,55.44547
Azizi Riviera 7,25.17135,55.30308
Azizi Plaza Hotel Apartments,25.06855,55.13097
RITZ RESIDENCE,25.0595,55.21613
PARK RIDGE,24.92525,55.11133
GEMINI SPLENDOR,25.10757,55.24194
Villanova Amaranta A ,25.07628,55.35415
Bloom Towers,25.07017,55.1421
AZIZI. ORCHID,25.00853,55.16131
MARINA PINNACLE,25.08531,55.14502
HAYAT BOULEVARD,25.19219,55.27113
MADINA TOWER,25.07223,55.14243
ROYAL AMWAJ,25.07474,55.13189
THE RESIDENCES AT MARINA GATE 1,25.08531,55.14502
"MOHAMMED BIN RASHID AL MAKTOUM CITY- DISTRICT ONE, PHASE 1",25.05583,55.14247
DUBAI MARINA MALL,25.07627,55.13811
LAGO VISTA,25.03493,55.20172
SUNRISE BAY,25.10757,55.24194
MIRDIF HILLS- JANAYEN AVENUE ,25.22035,55.42324
SAFI TOWNHOUSES,25.00354,55.29744
TORCH TOWER,25.07223,55.14243
GardeniaTownHomes @ wasl gate,25.21856,55.26356
QPOINT LIWAN-R019,25.11012,55.3677
ALFURJAN PACKAGE 6,25.02257,55.13811
GOLD CREST VIEWS2,25.00076,55.16385
DAMAC HILLS - GOLF VEDUTA ,25.26905,55.44547
BONNINGTON TOWER HOTEL & RESIDENCE DUBAI,25.0595,55.21613
ORANGE LAKE,25.02778,55.2029
CAYAN TOWER,25.07223,55.14243
PRIME BUSINESS CENTER,25.14355,55.34753
Mudon-Phase 2,24.83453,55.07017
Sidra 2,25.09923,55.24839
ONE AT PALM JUMEIRAH,25.09835,55.15596
DD STAND POINT,25.24916,55.30078
DAMAC HILLS - GOLF TERRACE,25.26905,55.44547
MOHAMMED BIN RASHID AL MAKTOUM CITY-DISTRICT ONE PHASE II VILLAS,25.05583,55.14247
"NO.20, NO.21A, NO.21B AND NO.22 CITYWALK RESIDENTIAL",25.00957,55.28927
AL HABTOOR CITY,25.18408,55.25417
ELITE DOWNTOWN RESIDENCE,25.18606,55.27798
GIOVANNI BOUTIQUE,25.04035,55.2523
SILVERENE,25.07489,55.13855
REEM - MIRA OASIS COMMUNITY PHASE 3,25.01492,55.30262
Lawnz Residence by Danube ,25.00129,55.0957
SERENIA RESIDENCES THE PALM,25.12901,55.13413
Five at Jumeirah Village Circle Dubai,25.05703,55.2081
MUDON,25.01644,55.26796
INDIGO TOWER,25.04926,55.2141
AR II - Reem Community,25.22399,55.38663
EMIRATES GARDEN II - MAGNOLIA,25.16113,55.42208
Park Heights I ,25.0361,55.20988
REEM-MIRA COMMUNITY PH 1,25.00372,55.30332
THE ATLANTIC,25.10757,55.24194
The Grand ,25.19308,55.41168
VERA TOWER ,25.07223,55.14243
ELITE 7 SPORTS RESIDENCE,25.0595,55.21613
FORTUNATO,25.10757,55.24194
MAPLE,25.08948,55.25535
SPARKLE TOWERS,25.07017,55.1421
REEM - MIRA OASIS COMMUNITY PHASE 2,25.01489,55.29779
Azizi Aliyah Residences,25.11512,55.13978
WILTON TERRACES,25.0512,55.20046
OLYMPIC PARK 3,25.24266,55.3607
Serena Casa Dora,25.03516,55.28548
Binghatti Rose,25.00582,55.16395
INTERNATIONAL CITY EMARATI,25.16359,55.40784
Remraam - Al Ramth,25.00308,55.25589
SAMANA HILLS,25.07684,55.1587
MOSELA,25.10757,55.24194
DT 1,25.10757,55.24194
THE COSMOPOLITAN,25.10757,55.24194
Tabeer 1,25.225125,55.276428
Milano Giovanni Boutique Suites,25.26891,55.32679
Sobha Hartland One Park Avenue ,25.17642,55.31049
JUMEIRAH LIVING MARINA GATE ,25.1904,55.23159
Samana Green,25.03608,55.21891
Madinat Jumeriah Living - Phase 2 ,24.83453,55.07017
The Cove,25.20174,55.34559
BELGRAVIA HEIGHTS I,25.0361,55.20988
Port de La Mer - La Cote,25.24045,55.25347
RED RESIDENCE,25.0595,55.21613
BELLEVUE TOWERS,25.07017,55.1421
OIA Residence,25.0595,55.21613
Sobha Hartland Greens - Phase III,25.09155,55.17096
PARK VILLA'S 3,25.07742,55.16909
LAKE CITY TOWER,25.28812,55.40742
URBANA II,24.86169,55.14626
DIAMOND BUSINESS CENTER,25.14355,55.34753
MANHATTAN,25.10757,55.24194
SABA TOWER 3,25.05186,55.17321
PALM VIEWS - WEST,25.12901,55.13413
J ONE,25.10757,55.24194
Golden Wood Views,25.10861,55.14528
AL KHAIL HEIGHTS,25.15657,55.25193
ARENA APARTMENTS,25.04609,55.13
BD BOULEVARD PLAZA,25.20017,55.27488
ROYALE RESIDENCE2,25.11512,55.13978
THE BELVEDERE,25.10757,55.24194
Park Point,25.28895,55.38301
HUB CANAL 1 TOWER,25.11729,55.13363
Binghatti Mirage,25.09842,55.15332
SLS DUBAI,25.27966,55.33478
MURANO RESIDENCE 1,25.0595,55.21613
Arabella 3,25.10757,55.24194
SEVENTH HEAVEN,25.10757,55.24194
HARBOUR RESIDENCES,25.2071,55.34736
OCEAN HEIGHTS,25.14207,55.31586
THE DISTINCTION,25.10757,55.24194
BURJ AL NUJOOM,25.27012,55.30552
SHERENA RESIDENCE,25.0595,55.21613
Studio One,24.96005,55.01071
PARK LANE TOWER,25.04762,55.23808
QPOINT LIWAN-PLOT R046,24.9896,55.10449
VILLA MYRA,25.24803,55.28072
GLOBAL GOLF RESIDENCE 2,25.03991,55.2182
IMPERIAL RESIDENCE,25.0595,55.21613
THE SQUARE ,25.28972,55.35416
INDIGO SPECTRUM 2,25.05003,55.20788
CELESTIA,25.10757,55.24194
CONCORDE TOWER,25.07223,55.14243
THE RESIDENCES AT MARINA GATE 2,25.21464,55.4294
LINCOLN PARK,25.28895,55.38301
Farhad Azizi Residence,25.0595,55.21613
STARZ TOWER by DANUBE,25.00129,55.0957
DAMAC HILLS (2) - AQUILEGIA ,25.26905,55.44547
QPOINT LIWAN-PLOT R096,24.9896,55.10449
ALTIA RESIDENCE,25.0595,55.21613
ZaZEN One,25.10757,55.24194
HUB CANAL 2 TOWER,25.11729,55.13363
THE WATER FRONT,24.92678,54.96808
DAMAC HILLS (2) - VARDON ,25.26905,55.44547
MILLENNIUM ESTATES,25.17977,55.26389
LAKE TERRACE,25.03674,55.21229
DAMAC TOWERS BY PARAMOUNT,25.03075,55.26304
MARINA RESIDENCE,25.113,55.13669
J8,25.10757,55.24194
EMIRATES GARDEN I - GARDENIA,25.05436,55.21233
MYKA Residence,25.0595,55.21613
UNA,25.10757,55.24194
NEW DUBAI GATE2,25.27966,55.33478
CRYSTAL RESIDENCE,25.0595,55.21613
DAMAC HILLS - ARTESIA,25.26905,55.44547
RAWDA APARTMENTS,25.04609,55.13
THE VILLA 3,25.07742,55.16909
LOLENA,25.10757,55.24194
GRANDEUR RESIDENCES,25.11512,55.13978
The Residences,25.19134,55.27433
MASAAR RESIDENCES,25.11512,55.13978
ELZ Residence,25.0595,55.21613
Jumeirah Luxury,25.1904,55.23159
MAPLE 2 ,25.20479,55.26996
AL MANARAH TOWER,25.14561,55.22913
ACACIA AT PARK HEIGHTS,25.28895,55.38301
FAIRMONT PALM RESIDENCE,25.0595,55.21613
BLVD HEIGHTS,25.14207,55.31586
Villa Lantana 1,25.24803,55.28072
DAMAC HILLS (2) - BASSWOOD ,25.26905,55.44547
DAMAC HILLS (2) - AVENCIA-2 ,25.26905,55.44547
Palma Residence,25.0595,55.21613
Marbella Village ,25.02472,55.21186
QPOINT LIWAN-PLOT R016,24.9896,55.10449
ELITE 5 SPORTS RESIDENCE,25.0595,55.21613
Binghatti Jasmine,25.04189,55.12982
CLAYTON RESIDENCY,25.16577,55.39775
CANDACE ASTER HOTEL APARTMENTS,25.06855,55.13097
MUDON PHASE 3 _  NEIGHBOURHOOD I- ARABELLA,24.83453,55.07017
AL MANARA,25.14371,55.21357
Beverly Residence,25.0595,55.21613
PRINCESS TOWER,25.08885,55.14671
5242,25.10757,55.24194
CLOVER BAY,25.18878,55.27006
AMARANTA 2 ,25.07679,55.35367
BUCEPHALUS,25.10757,55.24194
SYANN PARK1,25.10757,55.24194
OXFORD BOULEVARD,25.19219,55.27113
SCALA TOWER,25.07223,55.14243
DIAMOND VIEWS 3 - VILLAS B,25.08156,55.14724
THE SUSTAINABLE CITY,25.02775,55.27435
17 ICON BAY,25.20398,55.34573
Hera Tower,25.07223,55.14243
PANORAMA,25.08795,55.17263
TRIDENT GRAND,25.19308,55.41168
RP HEIGHTS,25.14207,55.31586
Collective,25.10757,55.24194
REEF RESIDENCE,25.0595,55.21613
Samana Golf View,25.03711,55.13036
BELGRAVIA,25.10757,55.24194
THE MERTOPOLIS,25.10757,55.24194
SOBHA SAPPHIRE,25.17991,55.30181
EXECUTIVE HEIGHT,25.18035,55.26224
CANDACE ACACIA HOTEL APARTMENTS,25.06855,55.13097
ARABIAN RANCHES- ROSA COMMUNITY,25.04994,55.26902
CENTRIUM TOWER,25.04057,55.19316
METRO CENTRAL,25.19958,55.27264
Avenue Residence 2,25.03793,55.14073
GLITZ RESIDENCE 3,25.0595,55.21613
URBANA,24.86169,55.14626
ELITE 6 SPORTS RESIDENCE,25.0595,55.21613
ELITE 9 SPORTS RESIDENCE,25.0595,55.21613
ALSEEF I,25.26442,55.30458
DAMAC HILLS (2) - PRIMROSE,25.26905,55.44547
BURLINGTON TOWER,25.18507,55.26537
EXECUTIVE BAY B,25.18035,55.26224
UPPER CREST,25.10757,55.24194
DAMAC HILLS - GOLF PANORAMA,25.26905,55.44547
QPOINT LIWAN-PLOT R072,24.9896,55.10449
Azizi Samia Residence,25.0595,55.21613
MAYFAIR RESIDENCY,25.16577,55.39775
LAKE VIEW,25.03674,55.21229
ACACIA AVENUES,25.02542,55.15798
STADIUM POINT,25.04472,55.21919
ARABIAN RANCHES - RASHA COMMUNITY,25.04994,55.26902
THE DOME TOWER,25.07223,55.14243
ELITE 8 SPORTS RESIDENCE,25.0595,55.21613
PARK ISLANDS,25.08208,55.14204
DAMAC HILLS - GOLF VITA,25.26905,55.44547
ASTORIA RESIDNECE,25.10757,55.24194
Mysk Hotel,25.20502,55.26963
PARK HEIGHTS II,25.0361,55.20988
AL MAS TOWER,25.07223,55.14243
ELITE RESIDENCE,25.0595,55.21613
REEM - MIRA OASIS COMMUNITY,25.01018,55.29869
The Address Residence-Fountain Views,25.0595,55.21613
DAMAC HILLS (2) - ZINNIA ,25.26905,55.44547
JUMEIRAH GOLF ESTATES,25.02106,55.19767
"GREEN COMMUNITY MOTOR CITY, PHASE II - CASA FAMILIA",25.03999,55.23532
DUBAI STAR,25.27966,55.33478
WARSAN VILLAGE - B & C,25.16038,55.42528
JUMEIRAH PARK 7B&C,25.04747,55.15446
2020 Marquis,25.18498,55.27618
MAJESTINE,25.10757,55.24194
SUN POINT DUBAI,25.24916,55.30078
NEW DUBAI GATE1,25.27966,55.33478
SABA TOWER 2,25.05186,55.17321
MAY RESIDENCE,25.0595,55.21613
ELITE II SPORTS RESIDENCE,25.0595,55.21613
Park ville 07,25.14995,55.40163
Laya Mansion,25.05137,55.16144
LA RIVE,25.18391,55.28394
GRAND CENTRAL,25.13938,55.2168
ALFURJAN PACKAGE 4,25.02257,55.13811
DAMAC HILLS - LORETO,25.26905,55.44547
DAMAC HILLS - BROOKFIELD-1,25.02471,55.24628
SABA TOWER 1,25.07172,55.14119
OLYMPIC PARK 1,25.24582,55.42743
SOBHA HARTLAND GREENS- PHASE I,25.09155,55.17096
ELITE 10 SPORTS RESIDENCE,25.0595,55.21613
WATER'S EDGE,25.19469,55.23743
BAHWAN TOWER ,25.07223,55.14243
DAMAC HILLS - QUEENS MEADOW,25.26905,55.44547
BANYAN TREE RESIDENCES HILLSIDE DUBAI,25.11512,55.13978
Serena - Casa Viva ,25.03805,55.28342
THE EXCHANGE,25.18675,55.26009
PALLADIUM,25.10757,55.24194
Binghatti Gate ,25.21464,55.4294
THE VOGUE,25.10757,55.24194
Rigel,25.10757,55.24194
BERMUDA VIEWS,25.20809,55.31542
ELITE SPORTS RESIDENCE,25.0595,55.21613
EMIRATES GARDEN 1 (LAVENDER - GARDENIA - ROSE),25.00549,55.16206
Binghatti Point,25.24916,55.30078
THE BINARY BY OMNIYAT,25.218099,55.255546
SEASONS COMMUNITY- SUMMER,25.22399,55.38663
GLAMZ RESIDENCE,25.0595,55.21613
Oxford Residence,25.0595,55.21613
BELGRAVIA III,25.10757,55.24194
Villa Lantana 2,25.07742,55.16909
Azizi. Iris,25.17141,55.30695
HYATI RESIDENCE,25.0595,55.21613
Rove City Walk,25.21119,55.25788
OXFORD RESIDENCE 2,25.0595,55.21613
I - RISE TOWER,25.09696,55.18026
ALANDALUS,25.10757,55.24194
GLITZ RESIDENCE 2,25.0595,55.21613
PARK CORNER,25.28895,55.38301
REEM-MIRA COMMUNITY PH5,25.22399,55.38663
SOBHA IVORY,25.17961,55.27199
Chaimaa Avenue,25.04721,55.26712
TWO TOWERS,25.07017,55.1421
ARMADA TOWERS,25.07017,55.1421
BOTANICA,25.10757,55.24194
VICEROY HOTEL RESORTS RESIDENCES,25.11512,55.13978
WESTERN RESIDENCE - NORTH,25.0595,55.21613
GREEN DIAMOND 1,25.03608,55.21891
K1,25.10757,55.24194
AZIZI. YASAMINE,25.17141,55.30695
PLAZZO RESIDENCE,25.0595,55.21613
DAMAC HILLS - ROCHESTER ,25.26905,55.44547
SPICA,25.10757,55.24194
VILLA PERA,25.24803,55.28072
NO 9,25.10757,55.24194
Vincitore Boulevard,25.19219,55.27113
MIDTOWN - AFNAN,25.06552,55.19164
MAYFAIR TOWER,25.07223,55.14243
1 Residences ,25.11512,55.13978
SAMA TOWNHOUSES,25.00354,55.29744
MIDTOWN - DANIA,25.224637,55.255158
Sidra 3,25.1031,55.25182
LIVING LEGENDS PHASE 1,25.09194,55.30292
Sur La Mer 2 ,25.10757,55.24194
LIVING LEGENDS PHASE 7,24.83453,55.07017
Binghatti Gems,25.04269,55.24428
OBEROI CENTRE,25.21802,55.283
MARINA WHARF II,25.07414,55.13386
Collective 2.0,25.10757,55.24194
PALAZZO VERSACE,25.10757,55.24194
"NO. 4A, NO.4B, NO.5 CITYWALK RESIDENTIAL",25.20374,55.26322
REEM-MIRA COMMUNITY PH 4,25.00989,55.3029
Belgravia 2,25.10757,55.24194
OPAL TOWER,25.1859,55.27593
DUBAI WHARF,25.22629,55.33972
DAMAC HILLS (2) - AMAZONIA-EX ,25.26905,55.44547
Binghatti Gateway ,25.10134,55.1548
MARINA WHARF I,25.07414,55.13386
MAG 318,25.10757,55.24194
HILIANA,25.10757,55.24194
SANCTUARY  FALLS,25.02187,55.18736
MIRABELLA 5,25.05473,55.20907
Harbour Gate ,25.21464,55.4294
JUMEIRAH PARK PACKAGE 1A,25.04747,55.15446
D1,25.10757,55.24194
ROYAL OCEANIC TOWER,25.08723,55.38321
FAIR VIEW RESIDENCY,25.16577,55.39775
LAKE SHORE TOWER,25.07846,55.15328
DAMAC HILLS - THE FLORA ,25.26905,55.44547
MARINA ARCADE,25.08531,55.14502
WARSAN VILLAGE A,25.16038,55.42528
MBL RESIDENCE,25.0595,55.21613
DAMAC HEIGHTS,25.07996,55.14759
LIME TREE VALLEY,25.0157,55.20042
QPOINT LIWAN- R093,25.11012,55.3677
The Pulse Residence,25.0595,55.21613
"DIAMOND VIEW 1,2,3,4",25.08156,55.14724
Golf Place,25.03538,55.2153
ARABELLA 2 - TOWNHOUSES AT MUDON,25.01361,55.2678
LIV RESIDENCE,25.0595,55.21613
DAMAC HILLS (2) - VICTORIA ,25.07749,55.16855
Binghatti Avenue,25.04721,55.26712
QPOINT LIWAN-PLOT R068,24.9896,55.10449
TFG ONE HOTEL,25.20502,55.26963
OASIS TOWER ONE,25.03988,55.10787
LINCOLN PARK (SHEFFIELD),25.28895,55.38301
WEST WHAREF TOWER,25.22629,55.33972
ZENITH TOWER A2,25.07223,55.14243
TUSCAN RESIDENCES1 - AREZZO,25.11512,55.13978
DAMAC HILLS -  RICHMOND ,25.26905,55.44547
ZENITH TOWER A1,25.07223,55.14243
CREEK HORIZON,25.20688,55.34422
ORRA MARINA,25.08531,55.14502
OAKWOOD RESIDENCY,25.16577,55.39775
FAHAD 2,25.237288,55.260803
HARRINGTON HOUSE,25.04535,55.24504
Zubaida Residency,25.16577,55.39775
VICTORIA RESIDENCY,25.07749,55.16855
DAMAC HILLS - JASMINE,25.26905,55.44547
INDIGO SPECTRUM1,25.04926,55.2141
REGAL TOWER,25.18721,55.26056
GOLF VIEW RESIDENCE,25.0595,55.21613
INIGO ICON,25.13477,55.38902
OXFORD TOWER,25.07223,55.14243
CHAIMAA PREMIERE,25.10757,55.24194
NOORA RESIDENCE 1,25.0595,55.21613
 DAMAC HILLS (2)  - SANCTNARY,25.26905,55.44547
AL HELAL AL ZAHABY BUILDING,25.02733,55.28231
ARABIAN RANCHES- AZALEA COMMUNITY,25.04994,55.26902
GOLF TOWER,25.03936,55.20568
DAMAC HILLS (2) - JUNIPER,25.26905,55.44547
LAKE CENTRAL,25.18097,55.273
QPOINT LIWAN-PLOT R008 A&B,24.9896,55.10449
PLATINUM TOWER,25.07223,55.14243
INDIGO VILLE 3,25.04926,55.2141
AU TOWER,25.07223,55.14243
THE ONYX,25.09613,55.16909
RUFI GARDENS,25.02418,55.16053
SHAMAL RESIDENCES 2,25.05086,55.19855
AZIZI. FEIROUZ,25.17141,55.30695
DAMAC HILLS - BROOKFIELD-2,25.10757,55.24194
LAKESIDE RESIDENCE,25.0595,55.21613
SOBHA DAFFODIL,25.04715,55.20663
MARQUISE SQUARE TOWER,25.18498,55.27618
DAMAC HILLS (2) - CENTAURY ,25.26905,55.44547
Jumeirah Golf Estates - Hillside,25.02106,55.19767
SKY BAY HOTEL,25.20502,55.26963
HDS BUSINESS CENTRE,25.06419,55.13827
XL TOWER,25.07223,55.14243
JUMEIRAH ISLANDS MANSIONS,25.05762,55.15566
QPOINT LIWAN-PLOT R055,24.9896,55.10449
Regent Court,25.04378,55.18185
BUSINESS AVENUE AA1,25.0678,55.1447
Azizi Shaista Residence,25.0595,55.21613
OCEANA HOTEL AND APARTMENTS,25.06855,55.13097
VOLANTE,25.10757,55.24194
LATIFA TOWER,25.25516,55.30079
DAR AL JAWHARA,25.229831,55.270849
Arabian Ranches - Lila Community,25.04994,55.26902
THE BRIDGE,25.08164,55.21954
LIVING LEGENDS PHASE 3,24.83453,55.07017
DAMAC HILLS-PARK RESIDENCES 1,25.11512,55.13978
GRAND HORIZON 1,25.03458,55.2219
Private Residences Dubai ,25.11512,55.13978
SILICON HEIGHTS,25.13477,55.38902
DAMAC HILLS - GOLF VISTA,25.26905,55.44547
REEF TOWER,25.07223,55.14243
"No.17, No.18a,No.18b and No.19 Citywalk Residential ",25.20108,55.26408
DAMAC HILLS (2) - AVENCIA ,25.26905,55.44547
DAMAC HILLS - GOLF PROMENADE,25.08227,55.14337
Easy18,25.10757,55.24194
DAMAC HILLS - LONGVIEW,25.26905,55.44547
JUMEIRAH PARK 7A,25.04747,55.15446
WARSAN VILLAGE - D,25.16038,55.42528
THE MATRIX,25.10757,55.24194
HAMZA TOWER,25.07223,55.14243
CHAMPIONS TOWER1,25.03863,55.20426
FIRST CENTRAL,25.10898,55.20562
UNIESTATE SPORTS TOWER,25.16414,55.50468
DAMAC HILLS - TRINITY,25.26905,55.44547
DAMAC HILLS (2) - MULBERRY ,25.26905,55.44547
THE SPIRIT,25.10757,55.24194
WADI TOWER,25.07223,55.14243
THE DIAMOND,25.08156,55.14724
PARK CENTRAL,25.28895,55.38301
THE PAD,25.10757,55.24194
"Mohammed Bin Rashid Al Maktoum City , District One Phase III  , Residences 2",25.03745,55.17796
SAFEER TOWER 2,25.08782,55.3823
GLOBAL GREEN VIEW II,25.16743,55.40904
TUSCAN RESIDENCES1 - SIENA,25.11512,55.13978
POLO HOMES,25.03591,55.251
CITY APARTMENTS,25.04609,55.13
TIFFANY TOWERS,25.07666,55.15041
DAMAC HILLS (2) - MIMOSA ,25.26905,55.44547
"Mohammed Bin Rashid Al Maktoum City , District One Phase III  , Residences 4",25.04461,55.19281
LA FONTANA DI TREVI,25.22526,55.276428
SWISS TOWER,25.07223,55.14243
THE WINGS,25.10757,55.24194
La-Riviera Apartments,25.17341,55.30522
REEM-MIRA COMMUNITY PH 3,25.00692,55.30893
Montrell Hotel Aprtments,25.20502,55.26963
SAHARA MEADOWS2 ,25.06972,55.15108
DM MARINA PLAZA,25.08531,55.14502
Opera Grand,25.19308,55.41168
EMIRATES GARDEN II - MAPLE ,25.08948,55.25535
SAFEER TOWER 1,25.08782,55.3823
DAMAC HILLS - BROOKFIELD-3,25.10757,55.24194
DAMAC HILLS - WHITEFIELD,25.02695,55.24929
"Mohammed Bin Rashid Al Maktoum City , District One Phase III  , Residences 5",25.04461,55.19281
AVENUE RESIDENCE1,25.03793,55.14073
PRIME RESIDENCY1,25.16577,55.39775
AZURE RESIDENCE,25.0595,55.21613
GALLERY VILLAS,25.0377,55.12943
ALandalus Townhouse,25.07698,55.12224
QPOINT LIWAN-PLOT R070,25.11012,55.3677
WINDSOR MANOR,25.10757,55.24194
Azizi Riviera 59 ,25.17463,55.31443
Park Vista,25.28895,55.38301
AZIZI. TULIP,25.17141,55.30695
SHAMAL TERRACES 2,25.0512,55.20046
joya verde residences dubai,25.11512,55.13978
CLASSIC APARTMENTS,25.11394,55.21522
SKY VIEW TOWER,25.20071,55.27028
BUSINESS AVENUE BB1,25.0678,55.1447
QPOINT LIWAN-PLOT R048,24.9896,55.10449
SKY CENTRAL,24.88702,55.13965
Grenland Residence By arloid,25.0595,55.21613
W Residences Dubai - The Palm,25.13975,55.13199
QPOINT LIWAN-PLOT R092,24.9896,55.10449
J&G PLEXS,25.10757,55.24194
FAIRWAY VISTAS,25.11203,55.2684
ALandalus Building D,25.02733,55.28231
MARINASCAPE,25.08351,55.14701
CORAL INTERNATIONAL HOTEL APARTMENT,25.26844,55.30222
DESERT SUN TOWER,25.07223,55.14243
WESTERN RESIDENCE - SOUTH,24.95896,55.09458
MIRABELLA 8,25.05473,55.20907
ALSHERA TOWER,25.07223,55.14243
ARIA,25.10757,55.24194
CAPITAL BAY B,25.24382,55.27673
DIAMOND VIEWS 3,25.08156,55.14724
Azizi Farishta Residence ,25.0595,55.21613
LYNX,25.10757,55.24194
CASA FLORES AND EDEN APARTMENTS,25.04425,55.23521
Maria Tower,25.07223,55.14243
HOCKEY TOWER,25.07223,55.14243
MON REVE,25.220511,55.258977
Golf Views ,25.20809,55.31542
THE ATRIA,25.10757,55.24194
ELITE 3 SPORTS RESIDENCE,25.0595,55.21613
WESTAR CASABLANCA,25.10843,55.20047
Intima villas ,25.0377,55.12943
JUMEIRAH BUSINESS CENTRE 5,25.15346,55.19799
QPOINT LIWAN - PLOT R002,24.9896,55.10449
QPOINT LIWAN-PLOT R069,24.9896,55.10449
The Stella,25.03559,55.2167
OLYMPIC PARK 4,25.28895,55.38301
AL JAWZAA,25.10757,55.24194
THE VILLA,25.08579,55.35932
JUMEIRAH BUSINESS CENTRE2,25.19956,55.23602
The Pulse Boulevard Apartments-C1,25.19219,55.27113
ALCOVE,25.10757,55.24194
DAMAC HILLS (2) - VIRIDIS ,25.26905,55.44547
MIRDIF HILLS- AL MULTAQA AVENUE,25.22035,55.42324
THE ZEN,25.10757,55.24194
QPOINT LIWAN-PLOT R051,25.11012,55.3677
Al Fouad,25.229927,55.271545
MURABA RESIDENCES PALM JUMERIAH,25.12901,55.13413
DAMAC HILLS-VENETO,25.26905,55.44547
QPOINT LIWAN-PLOTR001,25.11012,55.3677
The Pulse Residence Icon,25.0595,55.21613
LADY RATAN MANOR,25.224637,55.255158
QPOINT LIWAN-PLOT R017,24.9896,55.10449
MAJESTIQUE RESIDENCE 1,25.0595,55.21613
REGINA,25.10757,55.24194
Parkside,24.85299,55.16143
PLAZZO HEIGHTS,25.06546,55.20875
DAMAC HILLS - PHOENIX,25.26905,55.44547
WESTAR LA RESIDENCIA DEL SOL,25.04802,55.21168
MARWA HOMES,25.04724,55.20786
THE 118,25.10757,55.24194
TUSCAN RESIDENCE 1,25.0595,55.21613
DAYTONA HOUSE,25.04535,55.24504
EMPIRE HEIGHTS,25.14207,55.31586
Millennium Binghatti Residences Business Bay ,25.18475,55.26704
LAS CASAS,25.10757,55.24194
Roy Mediterranean Hotel Apartments,25.06855,55.13097
Villa Amalfi,25.24803,55.28072
Parkway Vistas ,25.11203,55.2684
TFG MARINA,25.08531,55.14502
V3,25.10757,55.24194
SHAMAL WAVES,25.05086,55.19855
WESTBURRY TOWER,25.07223,55.14243
QPOINT LIWAN-PLOT R047,24.9896,55.10449
DIAMOND VIEWS 2,25.20809,55.31542
Dubai Wharf - Tower 2,25.22629,55.33972
STELLA MARIS,25.03559,55.2167
SIRAJ TOWER,25.07223,55.14243
LA RIVIERA AZURE,25.17341,55.30522
AR II Camelia,24.99997,55.15775
KYOTO BY ORO24,25.21839,55.255158
QPOINT LIWAN-PLOT R095,24.9896,55.10449
EMIRATES GARDEN 2 (MAPLE- MAGNOLA - MULBERRY),25.20479,55.26996
DAMAC HILLS (2) - ACUNA ,25.26905,55.44547
ERANTIS,25.10757,55.24194
THE POLO TOWN HOUSES,25.05451,55.21351
MIDTOWN - MESK,25.224637,55.255158
HAMILTON RESIDENCY,25.16577,55.39775
DREAMZ,25.02484,55.13809
QPOINT LIWAN-PLOT R052,24.9896,55.10449
U-BORA TOWERS,25.07017,55.1421
Arabian Ranches-Casa Community,25.04994,55.26902
VALENCIA,25.10757,55.24194
SAHARA MEADOWS1,25.06972,55.15108
DAMAC HILLS - GOLF HORIZON ,25.26905,55.44547
51@BUSINESS BAY,25.18475,55.26704
AL Andalus Phase 2,24.83453,55.07017
VICTORY HEIGHTS - PHASE 2,24.83453,55.07017
EMIRATES GARDEN I - ROSE 1,25.16113,55.42208
DAMAC HILLS -  TOPANGA,25.02412,55.2632
SOLITAIRE CASCADES,25.10757,55.24194
PRIME TOWER,25.17272,55.27015
ELYSEE II by PANTHEON,25.225742,55.276428
SILICON HEIGHTS2,25.13477,55.38902
Sobha Hartland Estates - Townhouses,25.17642,55.31049
Prime Views,25.20809,55.31542
OLYMPIC PARK 2,25.09429,55.21278
LE GRAND CHATEAU,25.19308,55.41168
WESTERN RESIDENCE - NORTH - 25 VILLAS,25.0595,55.21613
TOWNHOUSES AT JUMEIRAH ISLANDS,25.05762,55.15566
TOWER 108,25.07223,55.14243
DETROIT HOUSE,25.33263,55.48486
TENORA,25.10757,55.24194
Redwood Park Phase2,24.96669,55.20133
LIWA HEIGHTS,25.07016,55.14279
DIAMOND VIEWS 4 - VILLAS A,25.08156,55.14724
PHOENIX TOWER,25.07223,55.14243
DANA TOWER,25.07223,55.14243
PLAZA RESIDENCES,25.11512,55.13978
MIRABELLA 4,25.05473,55.20907
AZIZI RIVIERA 63 ,25.17356,55.31438
THE LIGHT,24.96455,55.20774
THE HAVEN RESIDENCES ,25.11512,55.13978
THE DUNES,24.98537,55.20295
SUNCITY HOMES,25.04724,55.20786
NB RESIDENCES,25.11512,55.13978
DAMAC HILLS (2) - ODORA ,25.26905,55.44547
La Quinta,25.07128,55.34918
AZIZI. DAISY,25.17141,55.30695
ARABIAN RANCHES,25.04994,55.26902
Sunbeam Homes,25.04724,55.20786
The Pulse Residence Plaza,25.0595,55.21613
IRIS BAY,24.99991,55.16397
SUNRISE LEGEND,25.09194,55.30292
PULSE SMART RESIDENCE,25.0595,55.21613
DAMAC HILLS (2) - SYCAMORE ,25.26905,55.44547
SOBHA IVORY - II,25.17961,55.27199
The Pulse Residence Park,25.0595,55.21613
DAMAC HILLS-PARK RESIDENCES 4,25.26905,55.44547
FLAME TREE RIDGE,25.01667,55.2045
GOLF LINKS ,25.03538,55.2153
Golf Suites - Dubai Hills,25.1049,55.25445
Azizi. Liatris,25.17141,55.30695
ARABIAN GATE,25.09259,55.37477
AZIZI. FREESIA,25.17141,55.30695
Azizi Riviera 10,25.17135,55.30308
GLITZ RESIDENCE 1,25.0595,55.21613
QPOINT LIWAN-PLOT R053,24.9896,55.10449
AXIS RESIDENCES 3,25.12413,55.40036
BV Mansions ,25.229831,55.270849
JUMEIRAH BUSINESS CENTRE1,25.1904,55.23159
Arabian Ranches III - Spring,25.04994,55.26902
TRAFALGAR CENTRAL,25.16397,55.40639
Lucky 1 Residence,25.0595,55.21613
RED WOOD PARK,25.00799,55.15768
PLATINUM 1,25.10757,55.24194
The Galleries,24.98028,55.0925
DAMAC HILLS (2) - AMAZONIA,25.26905,55.44547
WESTAR REFLECTION,25.04802,55.21168
URBANA III,24.86169,55.14626
PARK ONE,25.28895,55.38301
CAPPADOCIA,25.10757,55.24194
BELLA ROSE,25.00582,55.16395
EATON PLACE,25.24904,55.33767
" QASR SABAH I , II ,III ",25.03258,55.19449
DAMAC HILLS - ORCHID,25.00853,55.16131
MARWA HOMES 2,25.04724,55.20786
Laya Residences,25.11512,55.13978
CRICKET TOWER,25.07223,55.14243
ACES CHATEAU,25.0512,55.20046
THE PEARL,25.24907,55.2782
Azizi Aura Residences,25.11512,55.13978
THE PULSE TOWNHOUSES,25.00354,55.29744
Mudon Views,25.01644,55.26796
MIRDIF TULIP,25.22035,55.42324
BUSINESS TOWER,25.21417,55.27737
DAMAC HILLS (2) - TRIXIS ,25.26905,55.44547
QPOINT LIWAN-PLOT R004,24.9896,55.10449
VIDA Residences Dubai Marina,25.224781,55.255158
Azizi Mina,25.17141,55.30695
DAMAC HILLS - THE TURF ,25.26905,55.44547
JUMEIRAH BUSINESS CENTRE 4,25.15346,55.19799
ASEEL,25.10757,55.24194
Kappa Acca 3,24.93877,55.22126
DIAMOND VIEWS 1,25.08156,55.14724
ARABIAN RANCHES - YASMIN COMMUNITY,25.04994,55.26902
JUMEIRAH PARK - PACKAGE 5A,25.15346,55.19799
ARABIAN RANCHES - SAMARA COMMUNITY,25.04994,55.26902
DAMAC HILLS (2) - COURSETIA ,25.26905,55.44547
SUNRISE BOULEVARD 10,25.19219,55.27113
TULIP PARK,25.04381,55.12672
BAYSIDE RESIDENCE,25.0595,55.21613
Azizi Riviera 11,25.17135,55.30308
AL SEEF II,25.26442,55.30458
NO.15 & NO.16 CITYWALK RESIDENTIAL ,25.20168,55.26185
DEZIRE RESIDENCES,25.11512,55.13978
PARK VILLA'S 2,25.07742,55.16909
GATEWAY BY PREMIER CHOICE,25.10134,55.1548
SILICON GATE 1,25.21464,55.4294
AL HELAL AL ZAHABY  2,25.249221,55.278076
Jouri Hills Phase 2,24.83453,55.07017
QPOINT LIWAN-PLOT R009,24.9896,55.10449
WESTAR LES CASTELETS,25.04802,55.21168
BAY'S EDGE,25.10246,55.16289
AXIS SILVER,25.12413,55.40036
QPOINT LIWAN-PLOT R097,24.9896,55.10449
QPOINT LIWAN-PLOT R098,24.9896,55.10449
QPOINT LIWAN-PLOT R015,24.9896,55.10449
SIGNATURE VILLAS XIV,25.0377,55.12943
CASA CANAL,25.11729,55.13363
Empire Suites,25.26891,55.32679
SHAMAL TERRACES 1,25.0512,55.20046
ARTISTIC VILLAS,25.05661,55.20179
MADISON RESIDENCE,25.0595,55.21613
EMERALD PALACE KEMPINSKI HOTEL,25.20502,55.26963
ROYAL GOLF VILLAS,25.0377,55.12943
QPOINT LIWAN-PLOT R020,25.11012,55.3677
THE HABITAT,25.10757,55.24194
CLUB VISTA MARE,25.02662,55.2157
CLUB VILLAS,25.11998,55.25913
"Mohammed Bin Rashid Al Maktoum City , District One Phase III  , Residences 1",25.05583,55.14247
OLIVE POINT ,25.02542,55.196
JASMINE LANE,25.04189,55.12982
WESTAR LES MAISONETTES,25.04802,55.21168
Haven Villas ,25.0377,55.12943
DG1 Living ,25.25684,55.30447
RASHA 2,25.03561,55.27009
Joya Blanca Residences ,25.24775,55.34533
AL BUROOJ RESIDENCE 1,25.04726,55.19299
MODELUX TOWER 1 ,25.22719,55.3407
CRYSTAL TOWER,25.20502,55.26963
THE ONE,25.10757,55.24194
WEST FIVE BUSINESS BAY RESIDENCES,25.18475,55.26704
AL BAHIA,25.229831,55.270849
PRIME RESIDENCY2,25.16577,55.39775
ONE BUSINESS BAY,25.18475,55.26704
BLOOMINGDALE,25.10757,55.24194
QPOINT LIWAN-PLOT R022,24.9896,55.10449
APEX ATRIUM,25.04635,55.23543
Society House Downtown Dubai ,25.18393,55.28162
THE ONE HOTEL ,25.20502,55.26963
OCEAN BREEZE,25.10757,55.24194
QPOINT LIWAN - PLOT R003,24.9896,55.10449
Binghatti Venus,25.10757,55.24194
AR II Camelia 2,24.99997,55.15775
Belvedere,25.10757,55.24194
MIRABELLA,25.05473,55.20907
INDIGO VILLE 4,25.04926,55.2141
014 TOWER,25.07223,55.14243
INDIGO VILLE5,25.04926,55.2141
Binghatti Gardenia,25.05436,55.21233
SUNSET GARDENS,25.02418,55.16053
DUSIT EMIRATES SARAY,25.16113,55.42208
SILICON GATE 3,25.21464,55.4294
DURAR1,25.10757,55.24194
Dubai Hills - Hills Grove Community,25.1073,55.23198
QPOINT LIWAN-PLOT R005,24.9896,55.10449
Vincitore Dolce Vita,25.0886,55.31423
SOBHA HARTLAND VILLAS-PHASE 1,24.83453,55.07017
INDIGO VILLE 1,25.05003,55.20788
ZABEEL SARAY,25.21863,55.30026
REDWOOD AVENUE,25.04721,55.26712
Pearl House I by Imtiaz,25.24907,55.2782
"Mohammed Bin Rashid Al Maktoum City , District One Phase III  , Residences 20",25.05329,55.20749
Dubai Hills - Hills View Community,25.1073,55.23198
Golf Grove,25.11546,55.27439
THE APRICOT,25.10757,55.24194
SONDOS LILAC,25.04039,55.12741
SONDOS ORCHID,25.00853,55.16131
SONDOS LILY,25.00742,55.16285
SONDOS ROSA,25.0419,55.12161
SONDOS SAGE,24.87254,55.04711
IRIS AMBER,24.99991,55.16397
DUBAI WATER FRONT VENETO,24.96119,55.01063
ARAS Residence,25.08943,55.31674
The Nest Revolution Villa,25.24803,55.28072
INDIGO VILLE 8,25.0584,55.19843
PARK VILLA'S 6,25.13794,55.2031
PARK VILLA'S,25.24803,55.28072
SIENNA  LAKES,25.01466,55.21181
MIRABELLA 3,25.05473,55.20907
PIER 8,25.229032,55.271545
7 WEST VILLAS,25.05557,55.21991
PRIME VILLAS,25.0377,55.12943
AL BUROOJ RESIDENCE 5,25.04726,55.19299
INDIGO VILLE 2,25.05003,55.20788
MARINA SUITES,25.08531,55.14502
Parkside 3,24.85299,55.16143
SILICON GATE2,25.13477,55.38902
SILICON BOULEVARD,25.19219,55.27113
LA VISITA 01,25.04802,55.21168
OASIS HIGH PARK,25.03988,55.10787
AXIS RESIDENCES 2,25.12413,55.40036
TOPAZ RESIDENCES 3,25.1278,55.40332
SCHON BUSINESS PARK,24.9845,55.17583
OASIS STAR,25.03988,55.10787
AL FALAK RESIDENCE,25.0595,55.21613
PALACE TOWER,25.11722,55.39029
LE PRESIDIUM,25.10757,55.24194
Billionaire Residences by Binghatti ,25.11512,55.13978
Palme Couture,25.04488,55.26914
Aurion Residence,25.0595,55.21613
Sobha Hartland Villas - Phase II,24.83453,55.07017
Arabian Ranches lll - Caya,25.04994,55.26902
DAMAC HILLS - SILVER SPRINGS 3,25.05437,55.16894
Harmony,25.10757,55.24194
DAMAC LAGOONS - MONTE CARLO,25.07996,55.14759
Murooj Al Furjan 1,25.03329,55.13959
DAMAC LAGOONS - PORTOFINO,25.07996,55.14759
Palm Hills,25.12901,55.13413
DAMAC LAGOONS - NICE 1,25.07996,55.14759
QPOINT LIWAN-PLOT R094,24.9896,55.10449
RITAJ,24.98758,55.20242
BINGHATTI VIEWS,25.20809,55.31542
BINGHATTI APARTMENTS,25.04609,55.13
SILICON GATES 4,25.10826,55.38131
BINGHATTI STARS,25.10757,55.24194
TOPAZ RESIDENCES 1,25.1278,55.40332
CORAL RESIDENCE,25.0595,55.21613
CENTURION RESIDENCE,25.0595,55.21613
PLATINUM RESIDENCE 1,25.0595,55.21613
AXIS  RESIDENCES 1,25.12413,55.40036
SUNSHINE RESIDENCE,25.0595,55.21613
JADE RESIDENCE,25.0595,55.21613
S.P OASIS,25.08874,55.38421
AXIS RESIDENCES 6,25.12147,55.39677
IT PLAZA,25.11634,55.39026
SAPPHIRE RESIDENCE,25.0595,55.21613
PLATINUM RESIDENCE 2,25.0595,55.21613
LA VISITA 02,25.04802,55.21168
IMPERIAL,25.10757,55.24194
RUBY RESIDENCE,25.0595,55.21613
Gardenia Townhomes II,25.02416,55.11154
DAMAC HILLS (2) - CAMELIA,25.26905,55.44547
Mohammed Bin Rashid Al Maktoum City District One  B Extension Villas,25.05583,55.14247
Tilal AL Furjan- Phase One,25.03329,55.13959
MUROOJ ALFURJAN WEST,25.02257,55.13811
DAMAC HILLS-BEL AIR,25.26905,55.44547
Murooj Al Furjan 2 ,25.10757,55.24194
Fairway Villas,25.11203,55.2684
DAMAC LAGOONS - MALTA (1),25.07996,55.14759
Mohammed Bin Rashid Al Maktoum City  District One- C Villas,25.05583,55.14247
DAMAC LAGOONS - SANTORINI (3),25.07996,55.14759
DAMAC LAGOONS - VENICE (1),25.07996,55.14759
"Mohammed Bin Rashid Al Maktoum City District One, B Villas",25.05583,55.14247
DAMAC LAGOONS - MARBELLA,25.07996,55.14759
Address Hillcrest,25.1946,55.28259
Jebel Ali Village Townhouses- Phase 1,25.02898,55.11381
DAMAC LAGOONS - IBIZA,25.07996,55.14759
DAMAC LAGOONS - SANTORINI (1),25.07996,55.14759
Alaya,25.10757,55.24194
DAMAC LAGOONS - MALTA (2),25.07996,55.14759
Sevilla Village,25.03507,55.21479
AVALON TOWER,25.07223,55.14243
Jebel Ali Village Townhouses - Phase 3,25.00842,55.10949
Elysian Mansions,25.10757,55.24194
DAMAC LAGOONS - SANTORINI (2),25.07996,55.14759
The Valley - Farm Gardens,25.0157,55.20042
Tilal AL Furjan- Phase Two,25.03329,55.13959
DAMAC LAGOONS - MYKONOS,25.07996,55.14759
DAMAC LAGOONS - COSTA BRAVA (2),25.07996,55.14759
DAMAC LAGOONS - COSTA BRAVA (1),25.07996,55.14759
Arabian Ranches lll - Elie Saab,25.04994,55.26902
Jebel Ali Village ,25.02898,55.11381
The Pulse Boulevard Apartments - C3,25.19219,55.27113
Nad Al Sheba Gardens Phase 2 ,25.16562,55.35265
DAMAC LAGOONS - NICE 2,25.07996,55.14759
ALANDALUS BUILDING E,25.02733,55.28231
DAMAC HILLS - GEMS ESTATES 2,25.26905,55.44547
Golf Place ll,25.03538,55.2153
Mohammed Bin Rashid Al Maktoum City District One West - Phase 1,25.05583,55.14247
Jebel Ali Village Townhouses - Phase 2,25.01067,55.08281
Arabian Ranches lll - Elie Saab ll,25.04994,55.26902
Sobha Hartland Villas Phase III ,24.83453,55.07017
UPPER HOUSE EAST,24.30566,54.64244
Verde by Sobha,25.17991,55.30181
UPPER HOUSE WEST,25.04535,55.24504
Golden Wood Views -1,25.00799,55.15768
Bulgari Ocean Mansions ,25.217346,55.273682
DAMAC HILLS - GEMS ESTATES 1,25.02106,55.19767
"Mohammed Bin Rashid Al Maktoum City , District One Phase III  , A Villas",25.05583,55.14247
Binghatti Orchid,25.00853,55.16131
Majestic Vistas,25.11203,55.2684
ROYAL BAY,25.08723,55.38321
CANAL HEIGHTS,25.11729,55.13363
CANAL CROWN,25.11729,55.13363
CANAL HEIGHTS 2,25.11729,55.13363
CANAL CROWN 2,25.11729,55.13363
DAMAC HILLS (2) - AMARGO 2,25.26905,55.44547
DAMAC HILLS - CAVALLI ESTATES,25.26905,55.44547
Binghatti House,25.04535,55.24504
DAMAC BAY 2,25.07996,55.14759
UNIESTATE MILLENNIUM TOWER,25.17977,55.26389
Uniestate Prime Tower,25.17272,55.27015
SOL BAY ,25.10757,55.24194
SEVANAM CROWN,25.22585,55.28514
DUNES VILLAGE,24.98537,55.20295
CORDOBA PALACE,25.10621,55.16622
LA VISTA 03,25.04802,55.21168
AXIS RESIDENCES 4,25.12413,55.40036
AXIS RESIDENCES 5,25.12413,55.40036
AXIS RESIDENCES 8,25.12413,55.40036
LA VISTA 06,25.04802,55.21168
Naya at District One,25.05583,55.14247
The Estate - II ,25.1049,55.25445
The Royal Estate Plot 2 Phase A,24.83453,55.07017
Verdana(Phase 2),25.10757,55.24194
MAS TOWER,25.07223,55.14243
DUBAI LAGOON LILY,25.00742,55.16285
Verdana (Phase 1),24.83453,55.07017
The Royal Estate Plot 2 Phase B,24.83453,55.07017
MIRABELLA 2,25.05473,55.20907
THE MEDALIST,25.10757,55.24194
The Residence By Prestige One,25.06074,55.21667
Oxford Gardens,25.06622,55.20791
THE HAVEN,25.10757,55.24194
VELA by OMNIYAT,25.218296,55.255158
Terrazzo ,25.10757,55.24194
